candidate_id,corpus,split,source_file,sent_id,head_id,head_form,head_lemma,upos,xpos,head_deprel,feats,has_voice_pass,has_nsubj_pass,has_obl_agent,aux_pass_lemmas,aux_lemmas,cop_lemmas,participle_like,parent_id,parent_form,parent_deprel,head_children,provisional_streams,sentence,sentence_marked,sampling_stream,sample_set,sample_rank,pilot_pack,pilot_corpus,pilot_class,pilot_stream,pilot_item_id,pilot_order_first,pilot_order_second
ewt|dev|email-enronsent28_02-0019|6,ewt,dev,en_ewt-ud-dev.conllu,email-enronsent28_02-0019,6,based,base,VERB,VBN,root,Tense=Past|VerbForm=Part|Voice=Pass,1,1,0,be,_,_,1,_,_,_,2:nsubj:pass:information;5:aux:pass:is;8:obl:sources;20:conj:represent;27:punct:.,core_be;passive_ledger,"The information contained herein is based on sources that we believe to be reliable, but we do not represent that it is accurate or complete.","The information contained herein is [[based]] on sources that we believe to be reliable , but we do not represent that it is accurate or complete .",core_be,analytic_core_candidate,26,fit_gate,ewt,core,core_be,FG001,67,92
ewt|dev|email-enronsent30_02-0006|50,ewt,dev,en_ewt-ud-dev.conllu,email-enronsent30_02-0006,50,hurt,hurt,VERB,VBN,ccomp,Tense=Past|VerbForm=Part|Voice=Pass,1,1,0,be,have,_,1,44,appear,conj,45:mark:that;46:nsubj:pass:you;47:aux:have;48:aux:pass:been;49:advmod:extremely;53:obl:past,core_be;passive_ledger,You wear your heart on your sleeve ... and since you are an emotional person you are apt to give your all ... heart and soul ... to all those that show you a little affection ... but take care... it would appear that you have been extremely hurt in the past...and you keep leaving yourself wide open for punishment..,You wear your heart on your sleeve ... and since you are an emotional person you are apt to give your all ... heart and soul ... to all those that show you a little affection ... but take care ... it would appear that you have been extremely [[hurt]] in the past ... and you keep leaving yourself wide open for punishment ..,core_be,analytic_core_candidate,56,fit_gate,ewt,core,core_be,FG002,30,96
ewt|test|email-enronsent04_01-0008|7,ewt,test,en_ewt-ud-test.conllu,email-enronsent04_01-0008,7,contained,contain,VERB,VBN,root,Tense=Past|VerbForm=Part|Voice=Pass,1,1,0,be,may,_,1,_,_,_,4:nsubj:pass:Information;5:aux:may;6:aux:pass:be;10:obl:message;11:punct:.,core_be;passive_ledger,Privileged/Confidential Information may be contained in this message.,Privileged / Confidential Information may be [[contained]] in this message .,core_be,analytic_core_candidate,58,fit_gate,ewt,core,core_be,FG003,69,12
ewt|test|newsgroup-groups.google.com_HistoricalLinguistics_f65a1220aacc96f3_ENG_20050517_153400-0002|20,ewt,test,en_ewt-ud-test.conllu,newsgroup-groups.google.com_HistoricalLinguistics_f65a1220aacc96f3_ENG_20050517_153400-0002,20,put,put,VERB,VBN,advcl,Tense=Past|VerbForm=Part|Voice=Pass,1,1,0,be,_,_,1,6,best,root,14:mark:if;15:advmod:only;18:nsubj:pass:hindrances;19:aux:pass:are;23:obl:way,core_be;passive_ledger,"'Everything is for the best in the best of all possible worlds if only no artificial hindrances are put in the way of free exchange, for demand and supply will regulate everything better than any Government would be able to.'","' Everything is for the best in the best of all possible worlds if only no artificial hindrances are [[put]] in the way of free exchange , for demand and supply will regulate everything better than any Government would be able to . '",core_be,analytic_core_candidate,21,fit_gate,ewt,core,core_be,FG004,43,55
ewt|test|reviews-085009-0003|4,ewt,test,en_ewt-ud-test.conllu,reviews-085009-0003,4,completed,complete,VERB,VBN,root,Tense=Past|VerbForm=Part|Voice=Pass,1,1,0,be,_,_,1,_,_,_,2:nsubj:pass:work;3:aux:pass:was;7:obl:week;12:conj:cleaned;16:punct:.,core_be;passive_ledger,"The work was completed within one week, and everything was cleaned up on completion.","The work was [[completed]] within one week , and everything was cleaned up on completion .",core_be,analytic_core_candidate,41,fit_gate,ewt,core,core_be,FG005,74,63
ewt|test|weblog-blogspot.com_floppingaces_20041126180010_ENG_20041126_180010-0002|6,ewt,test,en_ewt-ud-test.conllu,weblog-blogspot.com_floppingaces_20041126180010_ENG_20041126_180010-0002,6,put,put,VERB,VBN,root,Tense=Past|VerbForm=Part,0,0,0,_,have,_,1,_,_,_,1:nsubj:John;5:aux:has;7:compound:prt:out;11:obj:show;22:punct:.,foil_perfect,John Donovan from Argghhh! has put out a excellent slide show on what was actually found and fought for in Fallujah.,John Donovan from Argghhh! has [[put]] out a excellent slide show on what was actually found and fought for in Fallujah .,foil_perfect,analytic_foil_candidate,24,fit_gate,ewt,foil,foil_perfect,FG006,79,97
ewt|test|weblog-juancole.com_juancole_20040722101300_ENG_20040722_101300-0007|9,ewt,test,en_ewt-ud-test.conllu,weblog-juancole.com_juancole_20040722101300_ENG_20040722_101300-0007,9,known,know,VERB,VBN,root,Tense=Past|VerbForm=Part,0,0,0,_,have;should,be,1,_,_,_,"2:nsubj:outer:question;3:cop:is;5:punct:"";6:aux:Should;7:nsubj:he;8:aux:have;12:ccomp:coming;13:punct:?;14:punct:""",foil_copular_participle;foil_perfect,"The question is, ""Should he have known it was coming?""","The question is , "" Should he have [[known]] it was coming ? """,foil_copular_participle,analytic_foil_candidate,29,fit_gate,ewt,foil,foil_copular_participle,FG007,47,5
ewt|train|answers-20111106144630AAadR8l_ans-0009|9,ewt,train,en_ewt-ud-train.conllu,answers-20111106144630AAadR8l_ans-0009,9,told,tell,VERB,VBN,root,Tense=Past|VerbForm=Part|Voice=Pass,1,1,0,be,_,_,1,_,_,_,1:advmod:Than;3:nsubj:pass:troops;8:aux:pass:were;14:ccomp:cleaning;20:punct:.,core_be;passive_ledger,"Than the troops being issued the weapon were told it was self-cleaning, which it wasn't.","Than the troops being issued the weapon were [[told]] it was self - cleaning , which it was n't .",core_be,analytic_core_candidate,31,fit_gate,ewt,core,core_be,FG008,97,87
ewt|train|answers-20111108075853AAUIKRQ_ans-0008|8,ewt,train,en_ewt-ud-train.conllu,answers-20111108075853AAUIKRQ_ans-0008,8,appreciated,appreciate,VERB,VBN,root,Tense=Past|VerbForm=Part|Voice=Pass,1,1,0,be,would,_,1,_,_,_,2:nsubj:pass:answers;5:aux:wud;6:aux:pass:be;7:advmod:highly;10:discourse:thanks,core_be;passive_ledger,ur answers and reviews wud be highly appreciated.......thanks!!!!!!!,ur answers and reviews wud be highly [[appreciated]] ....... thanks !!!!!!!,core_be,analytic_core_candidate,7,fit_gate,ewt,core,core_be,FG009,93,60
ewt|train|answers-20111108091921AAaLK4e_ans-0054|3,ewt,train,en_ewt-ud-train.conllu,answers-20111108091921AAaLK4e_ans-0054,3,seen,see,VERB,VBN,root,Tense=Past|VerbForm=Part,0,0,0,_,have,_,1,_,_,_,1:nsubj:I;2:aux:have;5:ccomp:Loose;30:parataxis:wondering;32:punct:...,foil_perfect,I have seen horses Loose Nails On there Own And do just fine with ONE nail gone Now if he had left out 2 or 3 I would be wondering to...,I have [[seen]] horses Loose Nails On there Own And do just fine with ONE nail gone Now if he had left out 2 or 3 I would be wondering to ...,foil_perfect,analytic_foil_candidate,36,fit_gate,ewt,foil,foil_perfect,FG010,80,35
ewt|train|answers-20111108092321AAK0Eqp_ans-0026|8,ewt,train,en_ewt-ud-train.conllu,answers-20111108092321AAK0Eqp_ans-0026,8,been,be,VERB,VBN,advcl,Tense=Past|VerbForm=Part,0,0,0,_,have,_,1,2,add,root,5:mark:because;6:expl:there;7:aux:have;10:nsubj:people,foil_perfect,I add that in because there have been some people who have tried to claim citizenship by sending for their birth certificate when they were never really born in Canada or to Canadian parents.,I add that in because there have [[been]] some people who have tried to claim citizenship by sending for their birth certificate when they were never really born in Canada or to Canadian parents .,foil_perfect,analytic_foil_candidate,51,fit_gate,ewt,foil,foil_perfect,FG011,55,7
ewt|train|answers-20111108104724AAuBUR7_ans-0059|17,ewt,train,en_ewt-ud-train.conllu,answers-20111108104724AAuBUR7_ans-0059,17,caused,cause,VERB,VBN,acl:relcl,Tense=Past|VerbForm=Part|Voice=Pass,1,1,1,be,_,_,1,13,wobblers,obl,14:nsubj:pass:which;15:aux:pass:is;16:advmod:often;20:obl:agent:compression;24:conj:confused,core_be;passive_ledger,The chiro/acupuncturist will be there to evaluate the horse for wobblers which is often caused by spinal compression and can be confused with EPM.,The chiro / acupuncturist will be there to evaluate the horse for wobblers which is often [[caused]] by spinal compression and can be confused with EPM .,core_be,analytic_core_candidate,23,fit_gate,ewt,core,core_be,FG012,12,16
ewt|train|answers-20111108105749AABv7vx_ans-0016|10,ewt,train,en_ewt-ud-train.conllu,answers-20111108105749AABv7vx_ans-0016,10,made,make,VERB,VBN,root,Tense=Past|VerbForm=Part,0,0,0,_,have;will,_,1,_,_,_,5:obl:time;7:nsubj:he;8:aux:will;9:aux:have;11:obj:it;12:xcomp:his;17:conj:getting;22:punct:.,foil_perfect,"in a week's time, he will have made it his, and will be getting more bored than afraid.","in a week 's time , he will have [[made]] it his , and will be getting more bored than afraid .",foil_perfect,analytic_foil_candidate,42,fit_gate,ewt,foil,foil_perfect,FG013,94,98
ewt|train|email-enronsent05_02-0026|15,ewt,train,en_ewt-ud-train.conllu,email-enronsent05_02-0026,15,scheduled,schedule,VERB,VBN,acl,Tense=Past|VerbForm=Part|Voice=Pass,1,1,0,be,_,_,1,7,reminder,obl,8:mark:that;13:nsubj:pass:meeting;14:aux:pass:is;19:obl:headquarters;25:obl:10;30:advcl:discuss,core_be;passive_ledger,"This also will serve as a reminder that an all-Party meeting is scheduled at PG&E's headquarters in San Francisco on January 10 and 11, to discuss this proposal and to respond to your questions.","This also will serve as a reminder that an all - Party meeting is [[scheduled]] at PG&E 's headquarters in San Francisco on January 10 and 11 , to discuss this proposal and to respond to your questions .",core_be,analytic_core_candidate,3,fit_gate,ewt,core,core_be,FG014,33,66
ewt|train|email-enronsent14_01-0077|4,ewt,train,en_ewt-ud-train.conllu,email-enronsent14_01-0077,4,listed,list,VERB,VBN,root,Tense=Past|VerbForm=Part|Voice=Pass,1,1,0,be,_,_,1,_,_,_,2:nsubj:pass:schedule;3:aux:pass:is;5:advmod:below;6:punct:.,core_be;passive_ledger,Their schedule is listed below.,Their schedule is [[listed]] below .,core_be,analytic_core_candidate,2,fit_gate,ewt,core,core_be,FG015,64,100
ewt|train|email-enronsent33_01-0041|23,ewt,train,en_ewt-ud-train.conllu,email-enronsent33_01-0041,23,filed,file,VERB,VBN,acl:relcl,Tense=Past|VerbForm=Part,0,0,0,_,have,_,1,20,any,obl,21:nsubj:Enron;22:aux:has,foil_participial_modifier;foil_perfect,Richard do you have any bad faith litigation pending against any insurers in Texas or are you aware of any Enron has filed??,Richard do you have any bad faith litigation pending against any insurers in Texas or are you aware of any Enron has [[filed]] ??,foil_participial_modifier,analytic_foil_candidate,20,fit_gate,ewt,foil,foil_participial_modifier,FG016,90,74
ewt|train|email-enronsent36_02-0049|21,ewt,train,en_ewt-ud-train.conllu,email-enronsent36_02-0049,21,calculated,calculate,VERB,VBN,parataxis,Tense=Past|VerbForm=Part|Voice=Pass,1,1,0,be,will,_,1,2,Calculation,root,6:punct::;9:nsubj:pass:Amount;19:aux:will;20:aux:pass:be;25:obl:Date;27:advcl:follows,core_be;passive_ledger,"""Calculation of Floating Amount: The Floating Amount payable by [ENA] on a Payment Date will be calculated for that Payment Date as follows:",""" Calculation of Floating Amount : The Floating Amount payable by [ ENA ] on a Payment Date will be [[calculated]] for that Payment Date as follows :",core_be,analytic_core_candidate,49,fit_gate,ewt,core,core_be,FG017,1,79
ewt|train|email-enronsent38_01-0088|28,ewt,train,en_ewt-ud-train.conllu,email-enronsent38_01-0088,28,finished,finish,VERB,VBN,root,Tense=Past|VerbForm=Part,0,0,0,_,have,be,1,_,_,_,2:advmod:far;11:nsubj:outer:issue;24:cop:is;25:mark:whether;26:nsubj:we;27:aux:'ve;29:xcomp:coordinating;38:punct:.,foil_copular_participle;foil_perfect,"As far as the EEI goes, the only remaining issue that I'm aware of (aside from finalizing the LOC) is whether we've finished coordinating the Attachment containing the list of prior transactions.","As far as the EEI goes , the only remaining issue that I 'm aware of ( aside from finalizing the LOC ) is whether we 've [[finished]] coordinating the Attachment containing the list of prior transactions .",foil_copular_participle,analytic_foil_candidate,17,fit_gate,ewt,foil,foil_copular_participle,FG018,57,56
ewt|train|email-enronsent43_01-0096|20,ewt,train,en_ewt-ud-train.conllu,email-enronsent43_01-0096,20,adjusted,adjust,VERB,VBN,root,Tense=Past|VerbForm=Part|Voice=Pass,1,1,0,be,_,_,1,_,_,_,1:advmod:Also;3:nsubj:pass:revenues;19:aux:pass:were;21:advmod:accordingly;22:punct:.,core_be;passive_ledger,"Also, revenues for the shippers acquiring released volumes from PGE at rates above TW's tariff rates were adjusted accordingly.","Also , revenues for the shippers acquiring released volumes from PGE at rates above TW 's tariff rates were [[adjusted]] accordingly .",core_be,analytic_core_candidate,18,fit_gate,ewt,core,core_be,FG019,17,20
ewt|train|newsgroup-groups.google.com_GuildWars_086f0f64ab633ab3_ENG_20041111_173500-0016|13,ewt,train,en_ewt-ud-train.conllu,newsgroup-groups.google.com_GuildWars_086f0f64ab633ab3_ENG_20041111_173500-0016,13,made,make,VERB,VBN,advcl,Tense=Past|VerbForm=Part|Voice=Pass,1,1,1,be,_,_,1,7,date,root,"8:punct:,;9:mark:although;11:nsubj:pass:Wars;12:aux:pass:is;15:obl:agent:ex-members;23:parataxis:mean",core_be;passive_ledger,"Feb 2005 is the projected release date, although Guild Wars is made by ex-members of Blizzard, so Feb 2005 could mean August 2006...","Feb 2005 is the projected release date , although Guild Wars is [[made]] by ex-members of Blizzard , so Feb 2005 could mean August 2006 ...",core_be,analytic_core_candidate,45,fit_gate,ewt,core,core_be,FG020,77,90
ewt|train|newsgroup-groups.google.com_IndiaNewsWindow_1405662573fa84ed_ENG_20050831_110400-0017|13,ewt,train,en_ewt-ud-train.conllu,newsgroup-groups.google.com_IndiaNewsWindow_1405662573fa84ed_ENG_20050831_110400-0017,13,breached,breach,VERB,VBN,root,Tense=Past|VerbForm=Part|Voice=Pass,1,1,0,be,have,_,1,_,_,_,1:nsubj:pass:Walls;11:aux:have;12:aux:pass:been;19:conj:using;36:punct:.,core_be;passive_ledger,"Walls keeping water out of the bowl-shaped city have been breached, and emergency teams are using helicopters to drop 1,350kg (3,000lb) sandbags and concrete barriers into the gaps.","Walls keeping water out of the bowl - shaped city have been [[breached]] , and emergency teams are using helicopters to drop 1,350 kg ( 3,000 lb ) sandbags and concrete barriers into the gaps .",core_be,analytic_core_candidate,16,fit_gate,ewt,core,core_be,FG021,41,73
ewt|train|newsgroup-groups.google.com_IndiaNewsWindow_1405662573fa84ed_ENG_20050831_110400-0025|27,ewt,train,en_ewt-ud-train.conllu,newsgroup-groups.google.com_IndiaNewsWindow_1405662573fa84ed_ENG_20050831_110400-0025,27,urged,urge,VERB,VBN,conj,Tense=Past|VerbForm=Part,0,0,0,_,have,_,1,7,says,root,"18:punct:,;19:cc:and;25:nsubj:agency;26:aux:has;28:iobj:evacuees;31:xcomp:try",foil_perfect,"The US Army Corps of Engineers says it could take a month to clear the flood waters, and the government's disaster relief agency has urged evacuees not to try to get back to their homes.","The US Army Corps of Engineers says it could take a month to clear the flood waters , and the government 's disaster relief agency has [[urged]] evacuees not to try to get back to their homes .",foil_perfect,analytic_foil_candidate,27,fit_gate,ewt,foil,foil_perfect,FG022,15,88
ewt|train|newsgroup-groups.google.com_alt.animals.bear_395d998336aec581_ENG_20031225_105300-0004|39,ewt,train,en_ewt-ud-train.conllu,newsgroup-groups.google.com_alt.animals.bear_395d998336aec581_ENG_20031225_105300-0004,39,mauled,maul,VERB,VBN,acl:relcl,Tense=Past|VerbForm=Part|Voice=Pass,1,1,0,be,be,_,1,35,friends,obj,36:nsubj:pass:who;37:aux:were;38:aux:pass:being,core_be;passive_ledger;peripheral_reduced_embedded,"Dr. Eric Fortier, 34, of Gatineau, Que., used a pocket knife to attack a polar bear on Baffin Island, just south of the Arctic Circle, to save two friends who were being mauled.","Dr. Eric Fortier , 34 , of Gatineau , Que. , used a pocket knife to attack a polar bear on Baffin Island , just south of the Arctic Circle , to save two friends who were being [[mauled]] .",core_be,analytic_core_candidate,20,fit_gate,ewt,core,core_be,FG023,73,53
ewt|train|newsgroup-groups.google.com_alt.animals_0084bdc731bfc8d8_ENG_20040905_212000-0131|18,ewt,train,en_ewt-ud-train.conllu,newsgroup-groups.google.com_alt.animals_0084bdc731bfc8d8_ENG_20040905_212000-0131,18,named,name,VERB,VBN,acl:relcl,Tense=Past|VerbForm=Part,0,0,0,_,have,_,1,6,members,nmod,15:obj:that;16:nsubj:Bush;17:aux:has;21:obl:positions,foil_participial_modifier;foil_perfect,10 - Number of fellow members from the Yale secret society Skull and Bones that Bush has named to important positions (including the Associate Attorney General Robert McCallum Jr. and SEC chief Bill Donaldson).,10 - Number of fellow members from the Yale secret society Skull and Bones that Bush has [[named]] to important positions ( including the Associate Attorney General Robert McCallum Jr. and SEC chief Bill Donaldson ) .,foil_participial_modifier,analytic_foil_candidate,4,fit_gate,ewt,foil,foil_participial_modifier,FG024,98,58
ewt|train|newsgroup-groups.google.com_emails_ec0a1064de05e74b_ENG_20040929_023800-0024|20,ewt,train,en_ewt-ud-train.conllu,newsgroup-groups.google.com_emails_ec0a1064de05e74b_ENG_20040929_023800-0024,20,trademarked,trademark,VERB,VBN,conj,Tense=Past|VerbForm=Part|Voice=Pass,1,1,1,be,_,_,1,6,wanted,root,16:cc:but;17:nsubj:pass:that;18:aux:pass:was;19:advmod:already;24:obl:agent:chain;27:parataxis:had,core_be;passive_ledger,Bob Noyce and Gordon Moore wanted to name their new company 'Moore Noyce' but that was already trademarked by a hotel chain so they had to settle for an acronym of INTegrated ELectronics.,Bob Noyce and Gordon Moore wanted to name their new company ' Moore Noyce ' but that was already [[trademarked]] by a hotel chain so they had to settle for an acronym of INTegrated ELectronics .,core_be,analytic_core_candidate,59,fit_gate,ewt,core,core_be,FG025,21,45
ewt|train|newsgroup-groups.google.com_humanities.lit.authors.shakespeare_0018a7697318f71f_ENG_20031006_163200-0048|40,ewt,train,en_ewt-ud-train.conllu,newsgroup-groups.google.com_humanities.lit.authors.shakespeare_0018a7697318f71f_ENG_20031006_163200-0048,40,fallen,fall,VERB,VBN,ccomp,Tense=Past|VerbForm=Part,0,0,0,_,have,_,1,33,stating,advcl,34:mark:that;35:nsubj:she;36:aux:had;38:advmod:accidentally;43:obl:stairs,foil_perfect,"Long before (September 1560) Dr. Lopez had been the personal house doctor of Robert Dudley and the good doctor was obligated to write the death certificate for Amy Robsart (stating that she had ""accidentally"" fallen down the stairs).","Long before ( September 1560 ) Dr. Lopez had been the personal house doctor of Robert Dudley and the good doctor was obligated to write the death certificate for Amy Robsart ( stating that she had "" accidentally "" [[fallen]] down the stairs ) .",foil_perfect,analytic_foil_candidate,59,fit_gate,ewt,foil,foil_perfect,FG026,68,48
ewt|train|newsgroup-groups.google.com_humanities.lit.authors.shakespeare_0c155162a7dfaf28_ENG_20031127_172200-0012|7,ewt,train,en_ewt-ud-train.conllu,newsgroup-groups.google.com_humanities.lit.authors.shakespeare_0c155162a7dfaf28_ENG_20031127_172200-0012,7,cut,cut,VERB,VBN,advcl,Tense=Past|VerbForm=Part|Voice=Pass,1,1,0,be,_,_,1,3,watch,acl:relcl,4:mark:as;5:nsubj:pass:budgets;6:aux:pass:are;9:obl:education;15:advcl:militarize,core_be;passive_ledger,You who watch as budgets are cut in education and health care while you militarize a police force?,You who watch as budgets are [[cut]] in education and health care while you militarize a police force ?,core_be,analytic_core_candidate,5,fit_gate,ewt,core,core_be,FG027,25,4
ewt|train|newsgroup-groups.google.com_misc.consumers_a534e32067078b08_ENG_20060116_030800-0058|15,ewt,train,en_ewt-ud-train.conllu,newsgroup-groups.google.com_misc.consumers_a534e32067078b08_ENG_20060116_030800-0058,15,lasted,last,VERB,VBN,acl:relcl,Tense=Past|VerbForm=Part,0,0,0,_,have,_,1,12,siege,appos,13:nsubj:that;14:aux:has;20:obl:unmarked:days,foil_participial_modifier;foil_perfect,"The occupation of Iraq has become a guerrilla war, a siege that has lasted more than a thousand days.","The occupation of Iraq has become a guerrilla war , a siege that has [[lasted]] more than a thousand days .",foil_participial_modifier,analytic_foil_candidate,8,fit_gate,ewt,foil,foil_participial_modifier,FG028,78,32
ewt|train|reviews-010393-0004|3,ewt,train,en_ewt-ud-train.conllu,reviews-010393-0004,3,towed,tow,VERB,VBN,root,Tense=Past|VerbForm=Part,0,0,0,_,have,_,1,_,_,_,1:nsubj:They;2:aux:have;4:obj:car;6:obl:me;9:obl:unmarked:times;15:conj:satisfied;19:punct:.,foil_perfect,They have towed car for me a few times and I am always very satisfied with this services.,They have [[towed]] car for me a few times and I am always very satisfied with this services .,foil_perfect,analytic_foil_candidate,37,fit_gate,ewt,foil,foil_perfect,FG029,11,37
ewt|train|reviews-126171-0002|14,ewt,train,en_ewt-ud-train.conllu,reviews-126171-0002,14,seen,see,VERB,VBN,conj,Tense=Past|VerbForm=Part,0,0,0,_,have,_,1,4,getting,root,12:cc:and;13:aux:have;16:obj:results,foil_perfect,I have been getting my treatments for a few months now and have seen some results but not up to the standards that I was told I should expect.,I have been getting my treatments for a few months now and have [[seen]] some results but not up to the standards that I was told I should expect .,foil_perfect,analytic_foil_candidate,47,fit_gate,ewt,foil,foil_perfect,FG030,70,91
ewt|train|reviews-135010-0006|13,ewt,train,en_ewt-ud-train.conllu,reviews-135010-0006,13,missed,miss,VERB,VBN,root,Tense=Past|VerbForm=Part|Voice=Pass,1,1,0,be,be,_,1,_,_,_,4:nsubj:pass:riso;9:aux:are;10:advmod:not;11:mark:to;12:aux:pass:be;14:punct:.,core_be;passive_ledger,The arancini di riso (risotto fritters) are not to be missed.,The arancini di riso ( risotto fritters ) are not to be [[missed]] .,core_be,analytic_core_candidate,9,fit_gate,ewt,core,core_be,FG031,18,34
ewt|train|reviews-160073-0008|11,ewt,train,en_ewt-ud-train.conllu,reviews-160073-0008,11,tasted,taste,VERB,VBN,acl:relcl,Tense=Past|VerbForm=Part,0,0,0,_,have,_,1,7,Soup,obj,8:nsubj:I;9:aux:have;10:advmod:ever,foil_participial_modifier;foil_perfect,They have the best Egg Drop Soup I have ever tasted.,They have the best Egg Drop Soup I have ever [[tasted]] .,foil_participial_modifier,analytic_foil_candidate,38,fit_gate,ewt,foil,foil_participial_modifier,FG032,58,69
ewt|train|reviews-170650-0008|15,ewt,train,en_ewt-ud-train.conllu,reviews-170650-0008,15,dealt,deal,VERB,VBN,acl:relcl,Tense=Past|VerbForm=Part,0,0,0,_,have,_,1,11,people,root,12:nsubj:I;13:aux:have;14:advmod:ever;16:obl:with,foil_participial_modifier;foil_perfect,Doctor Gonzales and his entire staff are the most professional people I have ever dealt with.,Doctor Gonzales and his entire staff are the most professional people I have ever [[dealt]] with .,foil_participial_modifier,analytic_foil_candidate,2,fit_gate,ewt,foil,foil_participial_modifier,FG033,83,82
ewt|train|reviews-215460-0004|8,ewt,train,en_ewt-ud-train.conllu,reviews-215460-0004,8,fallen,fall,VERB,VBN,root,Tense=Past|VerbForm=Part,0,0,0,_,have,be,1,_,_,_,2:nsubj:outer:advise;5:cop:is;6:nsubj:I;7:aux:have;11:obl:trap;14:parataxis:ensure;18:punct:!!!,foil_copular_participle;foil_perfect,My advise to all is I have fallen into this trap ... pl ensure you dont!!!,My advise to all is I have [[fallen]] into this trap ... pl ensure you do nt !!!,foil_copular_participle,analytic_foil_candidate,5,fit_gate,ewt,foil,foil_copular_participle,FG034,4,47
ewt|train|reviews-260640-0007|37,ewt,train,en_ewt-ud-train.conllu,reviews-260640-0007,37,PAID,pay,VERB,VBN,advcl,Tense=Past|VerbForm=Part|Voice=Pass,1,1,0,be,_,_,1,32,RAPED,xcomp,33:mark:BECAUSE;34:nsubj:pass:I;35:aux:pass:WAS;36:advmod:N'T,core_be;passive_ledger,"Whether they pay me or not, if their parents get into an accident, stuck in traffic, etc. THE LAST THING I WOULD DO IS LET A CHILD GET RAPED BECAUSE I WASN'T PAID.","Whether they pay me or not , if their parents get into an accident , stuck in traffic , etc. THE LAST THING I WOULD DO IS LET A CHILD GET RAPED BECAUSE I WAS N'T [[PAID]] .",core_be,analytic_core_candidate,30,fit_gate,ewt,core,core_be,FG035,66,94
ewt|train|reviews-292841-0002|46,ewt,train,en_ewt-ud-train.conllu,reviews-292841-0002,46,stayed,stay,VERB,VBN,acl:relcl,Tense=Past|VerbForm=Part,0,0,0,_,have,_,1,43,resorts,obl,44:nsubj:I;45:aux:'ve;47:obl:at,foil_participial_modifier;foil_perfect,"I've stayed at this fabulous little motel two years running, and I have to say it's one of the best lodging experiences I've ever had on the coast...and I'm even comparing it to the big resorts I've stayed at!","I 've stayed at this fabulous little motel two years running , and I have to say it 's one of the best lodging experiences I 've ever had on the coast ... and I 'm even comparing it to the big resorts I 've [[stayed]] at !",foil_participial_modifier,analytic_foil_candidate,53,fit_gate,ewt,foil,foil_participial_modifier,FG036,71,21
ewt|train|reviews-374604-0002|13,ewt,train,en_ewt-ud-train.conllu,reviews-374604-0002,13,treated,treat,VERB,VBN,acl:relcl,Tense=Past|VerbForm=Part|Voice=Pass,1,1,0,be,_,_,1,9,way,obl,11:nsubj:pass:customers;12:aux:pass:are,core_be;passive_ledger,If the animals are treated in the same way the customers are treated then this leaves a lot to be desired!,If the animals are treated in the same way the customers are [[treated]] then this leaves a lot to be desired !,core_be,analytic_core_candidate,10,fit_gate,ewt,core,core_be,FG037,14,19
ewt|train|weblog-blogspot.com_dakbangla_20041028153019_ENG_20041028_153019-0020|20,ewt,train,en_ewt-ud-train.conllu,weblog-blogspot.com_dakbangla_20041028153019_ENG_20041028_153019-0020,20,resulted,result,VERB,VBN,acl:relcl,Tense=Past|VerbForm=Part,0,0,0,_,have,_,1,17,genocide,obj,18:nsubj:that;19:aux:has;23:obl:fleeing,foil_participial_modifier;foil_perfect,"Unreported by the international media, the Valley of Kashmir has seen an ethnic and cultural genocide that has resulted in the fleeing from the valley of almost all the Hindu families who have been living there since human habitation was first recorded.","Unreported by the international media , the Valley of Kashmir has seen an ethnic and cultural genocide that has [[resulted]] in the fleeing from the valley of almost all the Hindu families who have been living there since human habitation was first recorded .",foil_participial_modifier,analytic_foil_candidate,26,fit_gate,ewt,foil,foil_participial_modifier,FG038,27,15
ewt|train|weblog-blogspot.com_dakbangla_20041119231111_ENG_20041119_231111-0025|17,ewt,train,en_ewt-ud-train.conllu,weblog-blogspot.com_dakbangla_20041119231111_ENG_20041119_231111-0025,17,deployed,deploy,VERB,VBN,conj,Tense=Past|VerbForm=Part|Voice=Pass,1,1,0,be,_,_,1,11,formed,root,12:cc:and;15:nsubj:pass:army;16:aux:pass:was;19:obl:peacekeepers;22:obl:north,core_be;passive_ledger,"Under the accord, a new northeastern provincial council was formed and the Indian army was deployed as peacekeepers in the north and east.","Under the accord , a new northeastern provincial council was formed and the Indian army was [[deployed]] as peacekeepers in the north and east .",core_be,analytic_core_candidate,35,fit_gate,ewt,core,core_be,FG039,5,36
ewt|train|weblog-blogspot.com_dakbangla_20041119231111_ENG_20041119_231111-0037|11,ewt,train,en_ewt-ud-train.conllu,weblog-blogspot.com_dakbangla_20041119231111_ENG_20041119_231111-0037,11,advised,advise,VERB,VBN,ccomp,Tense=Past|VerbForm=Part|Voice=Pass,1,1,0,be,would,_,1,3,pointed,root,5:mark:that;6:nsubj:pass:India;7:aux:would;8:aux:pass:be;9:advmod:ill;14:xcomp:involved;27:advcl:had,core_be;passive_ledger,"But Kalkat pointed out that India would be ill-advised to be involved again, militarily, with Sri Lanka if only because it still had to consider the sentiments of 45 million ethnic Tamils in the Indian state of Tamil Nadu - separated from Sri Lanka's Jaffna peninsula by the narrow Palk Straits.","But Kalkat pointed out that India would be ill - [[advised]] to be involved again , militarily , with Sri Lanka if only because it still had to consider the sentiments of 45 million ethnic Tamils in the Indian state of Tamil Nadu - separated from Sri Lanka 's Jaffna peninsula by the narrow Palk Straits .",core_be,analytic_core_candidate,57,fit_gate,ewt,core,core_be,FG040,35,26
ewt|train|weblog-blogspot.com_dakbangla_20050210141134_ENG_20050210_141134-0011|4,ewt,train,en_ewt-ud-train.conllu,weblog-blogspot.com_dakbangla_20050210141134_ENG_20050210_141134-0011,4,become,become,VERB,VBN,root,Tense=Past|VerbForm=Part,0,0,0,_,have,_,1,_,_,_,1:nsubj:It;2:aux:has;3:advmod:also;7:xcomp:depot,foil_perfect,"It has also become an arms depot of the Liberation Tigers of Tamil Eelam (LTTE), who operate almost freely in the Andaman Sea.","It has also [[become]] an arms depot of the Liberation Tigers of Tamil Eelam ( LTTE ) , who operate almost freely in the Andaman Sea .",foil_perfect,analytic_foil_candidate,9,fit_gate,ewt,foil,foil_perfect,FG041,61,22
ewt|train|weblog-blogspot.com_dakbangla_20050311135387_ENG_20050311_135387-0046|10,ewt,train,en_ewt-ud-train.conllu,weblog-blogspot.com_dakbangla_20050311135387_ENG_20050311_135387-0046,10,said,say,VERB,VBN,ccomp,Tense=Past|VerbForm=Part,0,0,0,_,have,be,1,36,said,root,"1:punct:"";2:nsubj:outer:What;5:cop:is;6:mark:that;7:nsubj:he;8:aux:'s;9:advmod:always;15:ccomp:obligation;24:punct:,;25:punct:""",foil_copular_participle;foil_perfect,"""What we know is that he's always said it was a religious obligation to have the same weapons as their enemies,"" former CIA OBL unit counter terrorism chief Michael Scheuer has said.",""" What we know is that he 's always [[said]] it was a religious obligation to have the same weapons as their enemies , "" former CIA OBL unit counter terrorism chief Michael Scheuer has said .",foil_copular_participle,analytic_foil_candidate,11,fit_gate,ewt,foil,foil_copular_participle,FG042,76,2
ewt|train|weblog-blogspot.com_dakbangla_20050311135387_ENG_20050311_135387-0077|18,ewt,train,en_ewt-ud-train.conllu,weblog-blogspot.com_dakbangla_20050311135387_ENG_20050311_135387-0077,18,collected,collect,VERB,VBN,ccomp,Tense=Past|VerbForm=Part,0,0,0,_,have,_,1,13,noted,root,14:mark:that;16:nsubj:FBI;17:aux:had;21:obj:strain;24:obl:sources,foil_perfect,Senator Patrick Leahy at a Congressional hearing in the Spring of 2002 noted that the FBI had collected the Ames strain from 20 sources.,Senator Patrick Leahy at a Congressional hearing in the Spring of 2002 noted that the FBI had [[collected]] the Ames strain from 20 sources .,foil_perfect,analytic_foil_candidate,31,fit_gate,ewt,foil,foil_perfect,FG043,62,23
ewt|train|weblog-blogspot.com_healingiraq_20040409053012_ENG_20040409_053012-0003|3,ewt,train,en_ewt-ud-train.conllu,weblog-blogspot.com_healingiraq_20040409053012_ENG_20040409_053012-0003,3,been,be,VERB,VBN,root,Tense=Past|VerbForm=Part,0,0,0,_,have,_,1,_,_,_,1:expl:There;2:aux:has;4:nsubj:talk,foil_perfect,There has been talk that the night curfew might be implemented again.,There has [[been]] talk that the night curfew might be implemented again .,foil_perfect,analytic_foil_candidate,30,fit_gate,ewt,foil,foil_perfect,FG044,19,28
ewt|train|weblog-blogspot.com_rigorousintuition_20050518101500_ENG_20050518_101500-0006|9,ewt,train,en_ewt-ud-train.conllu,weblog-blogspot.com_rigorousintuition_20050518101500_ENG_20050518_101500-0006,9,taken,take,VERB,VBN,root,Tense=Past|VerbForm=Part|Voice=Pass,1,1,1,be,have,_,1,_,_,_,4:obl:talk;6:nsubj:pass:Posada;7:aux:has;8:aux:pass:been;11:obl:custody;14:obl:agent:officials;15:punct:.,core_be;passive_ledger,"Because of such talk, Posada has been taken into custody by Immigration officials.","Because of such talk , Posada has been [[taken]] into custody by Immigration officials .",core_be,analytic_core_candidate,33,fit_gate,ewt,core,core_be,FG045,45,43
ewt|train|weblog-juancole.com_juancole_20030911085700_ENG_20030911_085700-0004|20,ewt,train,en_ewt-ud-train.conllu,weblog-juancole.com_juancole_20030911085700_ENG_20030911_085700-0004,20,made,make,VERB,VBN,acl:relcl,Tense=Past|VerbForm=Part,0,0,0,_,have,_,1,16,president,appos,18:nsubj:who;19:aux:had;22:obj:coup;24:obl:1999;27:conj:thrown,foil_participial_modifier;foil_perfect,"These are 1) Assassinate or overthrow Gen. Pervez Musharraf, the Pakistani military ""president"" who had made a coup in 1999 and has thrown in his lot with the United States against the Taliban and al-Qaeda.","These are 1 ) Assassinate or overthrow Gen. Pervez Musharraf , the Pakistani military "" president "" who had [[made]] a coup in 1999 and has thrown in his lot with the United States against the Taliban and al - Qaeda .",foil_participial_modifier,analytic_foil_candidate,40,fit_gate,ewt,foil,foil_participial_modifier,FG046,85,89
ewt|train|weblog-juancole.com_juancole_20040604210986_ENG_20040604_210986-0020|6,ewt,train,en_ewt-ud-train.conllu,weblog-juancole.com_juancole_20040604210986_ENG_20040604_210986-0020,6,collapsed,collapse,VERB,VBN,root,Tense=Past|VerbForm=Part,0,0,0,_,have,_,1,_,_,_,3:nsubj:army;4:aux:had;5:advmod:virtually;10:obl:invasion;13:punct:.,foil_perfect,Its ramshackle army had virtually collapsed before the American invasion in 2003.,Its ramshackle army had virtually [[collapsed]] before the American invasion in 2003 .,foil_perfect,analytic_foil_candidate,49,fit_gate,ewt,foil,foil_perfect,FG047,24,41
ewt|train|weblog-juancole.com_juancole_20040823064025_ENG_20040823_064025-0086|36,ewt,train,en_ewt-ud-train.conllu,weblog-juancole.com_juancole_20040823064025_ENG_20040823_064025-0086,36,let,let,VERB,VBN,conj,Tense=Past|VerbForm=Part|Voice=Pass,1,1,0,be,_,_,1,16,days,nmod,"22:punct:,;23:cc:and;24:advmod:how;25:advmod:whenever;34:nsubj:pass:he;35:aux:pass:was;37:xcomp:go;41:advcl:discovered",core_be;passive_ledger,"GOODWYN: According to Archibald, Mr. Bush would also sometimes tell stories about his days at Yale in New Haven, and how whenever he got pulled over for erratic driving, he was let go after the officers discovered he was the grandson of a Connecticut US senator.","GOODWYN : According to Archibald , Mr. Bush would also sometimes tell stories about his days at Yale in New Haven , and how whenever he got pulled over for erratic driving , he was [[let]] go after the officers discovered he was the grandson of a Connecticut US senator .",core_be,analytic_core_candidate,14,fit_gate,ewt,core,core_be,FG048,72,9
ewt|train|weblog-juancole.com_juancole_20051126063000_ENG_20051126_063000-0030|20,ewt,train,en_ewt-ud-train.conllu,weblog-juancole.com_juancole_20051126063000_ENG_20051126_063000-0030,20,pushed,push,VERB,VBN,conj,Tense=Past|VerbForm=Part,0,0,0,_,have,_,1,6,pushed,root,"17:punct:,;18:cc:and;19:aux:had;23:obj:Arabs;26:obl:arms",foil_perfect,"The Debaathification Commission had been pushed by Ahmad Chalabi and his Iraqi National Congress very hard, and had pushed many Sunni Arabs into the arms of the guerrillas.","The Debaathification Commission had been pushed by Ahmad Chalabi and his Iraqi National Congress very hard , and had [[pushed]] many Sunni Arabs into the arms of the guerrillas .",foil_perfect,analytic_foil_candidate,25,fit_gate,ewt,foil,foil_perfect,FG049,3,76
ewt|train|weblog-typepad.com_ripples_20040407125600_ENG_20040407_125600-0013|18,ewt,train,en_ewt-ud-train.conllu,weblog-typepad.com_ripples_20040407125600_ENG_20040407_125600-0013,18,based,base,VERB,VBN,acl:relcl,Tense=Past|VerbForm=Part|Voice=Pass,1,1,0,be,_,_,1,13,report,obj,16:nsubj:pass:which;17:aux:pass:was;20:obl:information,core_be;passive_ledger,The prestigious IAEA (International Atomic Energy Agency) published an early report on Chernobyl which was based on information from Russian sources and stated that there was no significant health effects.,The prestigious IAEA ( International Atomic Energy Agency ) published an early report on Chernobyl which was [[based]] on information from Russian sources and stated that there was no significant health effects .,core_be,analytic_core_candidate,48,fit_gate,ewt,core,core_be,FG050,81,27
gum|dev|GUM_court_negligence-18|13,gum,dev,en_gum-ud-dev.conllu,GUM_court_negligence-18,13,dived,dive,VERB,VBN,conj,Tense=Past|VerbForm=Part,0,0,0,_,have,_,1,6,case,root,"9:punct:,;10:cc:but;11:nsubj:you;12:aux:have;14:advmod:headlong;17:obl:weeds",foil_perfect,"This is this is your case to plead, but you have dived headlong into the weeds.","This is this is your case to plead , but you have [[dived]] headlong into the weeds .",foil_perfect,analytic_foil_candidate,6,fit_gate,gum,foil,foil_perfect,FG051,87,1
gum|dev|GUM_court_negligence-39|12,gum,dev,en_gum-ud-dev.conllu,GUM_court_negligence-39,12,made,make,VERB,VBN,root,Tense=Past|VerbForm=Part,0,0,0,_,have,be,1,_,_,_,1:cc:And;2:nsubj:outer:what;7:cop:is;8:mark:that;10:nsubj:outer:court;11:aux:has;13:expl:it;15:xcomp:clear;22:ccomp:wrongful;23:punct:.,foil_copular_participle;foil_perfect,And what I wish to emphasize is that this court has made it abundantly clear that careless behavior alone is not wrongful.,And what I wish to emphasize is that this court has [[made]] it abundantly clear that careless behavior alone is not wrongful .,foil_copular_participle,analytic_foil_candidate,23,fit_gate,gum,foil,foil_copular_participle,FG052,54,29
gum|dev|GUM_essay_tools-42|3,gum,dev,en_gum-ud-dev.conllu,GUM_essay_tools-42,3,followed,follow,VERB,VBN,root,Tense=Past|VerbForm=Part,0,0,0,_,have,_,1,_,_,_,1:nsubj:Computers;2:aux:have;6:obj:pattern;7:punct:.,foil_perfect,Computers have followed a similar pattern.,Computers have [[followed]] a similar pattern .,foil_perfect,analytic_foil_candidate,21,fit_gate,gum,foil,foil_perfect,FG053,29,14
gum|dev|GUM_interview_cyclone-35|9,gum,dev,en_gum-ud-dev.conllu,GUM_interview_cyclone-35,9,read,read,VERB,VBN,acl:relcl,Tense=Past|VerbForm=Part,0,0,0,_,have,_,1,5,reports,obl,6:obj:that;7:nsubj:I;8:aux:have,foil_participial_modifier;foil_perfect,"From all the press reports that I have read, the Indian government appears to have taken the threat of Cyclone Phailin very seriously indeed.","From all the press reports that I have [[read]] , the Indian government appears to have taken the threat of Cyclone Phailin very seriously indeed .",foil_participial_modifier,analytic_foil_candidate,34,fit_gate,gum,foil,foil_participial_modifier,FG054,44,31
gum|dev|GUM_news_homeopathic-4|27,gum,dev,en_gum-ud-dev.conllu,GUM_news_homeopathic-4,27,described,describe,VERB,VBN,acl:relcl,Tense=Past|VerbForm=Part|Voice=Pass,1,1,0,be,have,_,1,20,form,appos,24:nsubj:pass:that;25:aux:has;26:aux:pass:been;29:obl:pseudoscience,core_be;passive_ledger;peripheral_reduced_embedded,"She died from infection caused by severe eczema after they shunned effective conventional medical treatments for homeopathy, a form of alternative medicine that has been described as pseudoscience.","She died from infection caused by severe eczema after they shunned effective conventional medical treatments for homeopathy , a form of alternative medicine that has been [[described]] as pseudoscience .",core_be,analytic_core_candidate,59,fit_gate,gum,core,core_be,FG055,28,83
gum|test|GUM_academic_discrimination-11|12,gum,test,en_gum-ud-test.conllu,GUM_academic_discrimination-11,12,intended,intend,VERB,VBN,root,Tense=Past|VerbForm=Part|Voice=Pass,1,1,0,be,_,_,1,_,_,_,3:nsubj:pass:trainings;11:aux:pass:are;14:xcomp:reduce;32:punct:.;34:dep:12,core_be;passive_ledger,"Mandatory diversity trainings in professional settings, for example, are intended to reduce bias in the workplace by increasing the awareness of employees regarding the challenges facing minority group members. [12]","Mandatory diversity trainings in professional settings , for example , are [[intended]] to reduce bias in the workplace by increasing the awareness of employees regarding the challenges facing minority group members . [ 12 ]",core_be,analytic_core_candidate,11,fit_gate,gum,core,core_be,FG056,50,50
gum|test|GUM_conversation_retirement-46|8,gum,test,en_gum-ud-test.conllu,GUM_conversation_retirement-46,8,mentioned,mention,VERB,VBN,root,Tense=Past|VerbForm=Part,0,0,0,_,could;have,be,1,_,_,_,2:nsubj:outer:point;3:cop:was;5:nsubj:I;6:aux:could;7:aux:have;9:obj:what;34:conj:said;44:punct:?,foil_copular_participle;foil_perfect,"The point was, I could have mentioned what was in the paper about him, that he was related and, you know, had business with Steitler, and I just said, and there's Doctor Duvall, you know?","The point was , I could have [[mentioned]] what was in the paper about him , that he was related and , you know , had business with Steitler , and I just said , and there 's Doctor Duvall , you know ?",foil_copular_participle,analytic_foil_candidate,17,fit_gate,gum,foil,foil_copular_participle,FG057,6,25
gum|test|GUM_essay_fear-29|10,gum,test,en_gum-ud-test.conllu,GUM_essay_fear-29,10,banked,bank,VERB,VBN,acl:relcl,Tense=Past|VerbForm=Part,0,0,0,_,have,_,1,5,loophole,root,6:obl:that;8:nsubj:politicians;9:aux:have;15:obl:time,foil_participial_modifier;foil_perfect,Tribalism is the biological loophole that many politicians have banked on for a long time: tapping into our fears and tribal instincts.,Tribalism is the biological loophole that many politicians have [[banked]] on for a long time : tapping into our fears and tribal instincts .,foil_participial_modifier,analytic_foil_candidate,32,fit_gate,gum,foil,foil_participial_modifier,FG058,49,93
gum|test|GUM_speech_newzealand-24|4,gum,test,en_gum-ud-test.conllu,GUM_speech_newzealand-24,4,stepped,step,VERB,VBN,root,Tense=Past|VerbForm=Part,0,0,0,_,have,_,1,_,_,_,1:nsubj:We;2:aux:have;3:advmod:also;5:compound:prt:up;8:obj:presence;12:punct:.,foil_perfect,We have also stepped up the health presence at our airports.,We have also [[stepped]] up the health presence at our airports .,foil_perfect,analytic_foil_candidate,33,fit_gate,gum,foil,foil_perfect,FG059,46,54
gum|test|GUM_voyage_oakland-3|21,gum,test,en_gum-ud-test.conllu,GUM_voyage_oakland-3,21,began,begin,VERB,VBN,root,Tense=Past|VerbForm=Part,0,0,0,_,have,_,1,_,_,_,2:advcl:overshadowed;16:nsubj:Oakland;17:aux:has;20:obl:years;23:xcomp:step;30:advcl:playing;52:punct:.,foil_perfect,"Often overshadowed by San Francisco, its larger neighbor lying directly to the west, Oakland has in recent years began to step out from under the shadows, playing upon the beautiful highlights of its own and its rise as the multicultural ""hipster' city of the Bay Area.","Often overshadowed by San Francisco , its larger neighbor lying directly to the west , Oakland has in recent years [[began]] to step out from under the shadows , playing upon the beautiful highlights of its own and its rise as the multicultural "" hipster ' city of the Bay Area .",foil_perfect,analytic_foil_candidate,19,fit_gate,gum,foil,foil_perfect,FG060,9,6
gum|test|GUM_voyage_vavau-30|23,gum,test,en_gum-ud-test.conllu,GUM_voyage_vavau-30,23,used,use,VERB,VBN,acl:relcl,Tense=Past|VerbForm=Part|Voice=Pass,1,1,0,be,_,_,1,16,tree,conj,"17:punct:,;19:nsubj:pass:bark;22:aux:pass:is;25:advcl:make",core_be;passive_ledger,"Tropical vegetation includes the pandanus or screw pine, the casuarina, and the mulberry tree, the bark of which is used to make tapa cloth.","Tropical vegetation includes the pandanus or screw pine , the casuarina , and the mulberry tree , the bark of which is [[used]] to make tapa cloth .",core_be,analytic_core_candidate,53,fit_gate,gum,core,core_be,FG061,31,68
gum|test|GUM_whow_cactus-31|6,gum,test,en_gum-ud-test.conllu,GUM_whow_cactus-31,6,sheltered,shelter,VERB,VBN,ccomp,Tense=Past|VerbForm=Part|Voice=Pass,1,1,0,be,_,_,1,2,sure,xcomp,4:nsubj:pass:spot;5:aux:pass:is;11:obl:winds,core_be;passive_ledger,Make sure the spot is sheltered from any cold winter winds.,Make sure the spot is [[sheltered]] from any cold winter winds .,core_be,analytic_core_candidate,22,fit_gate,gum,core,core_be,FG062,53,99
gum|train|GUM_academic_census-13|21,gum,train,en_gum-ud-train.conllu,GUM_academic_census-13,21,used,use,VERB,VBN,conj,Tense=Past|VerbForm=Part,0,0,0,_,have,_,1,13,tended,root,18:cc:and;19:aux:have;20:advmod:instead;22:obj:samples;45:conj:focused,foil_perfect,"Because assembling such a full census is difficult, past studies have tended to avoid this task and have instead used samples of researchers [8 – 11], usually specific to a particular field [12 – 16], and often focused on the scientific elite [17, 18].","Because assembling such a full census is difficult , past studies have tended to avoid this task and have instead [[used]] samples of researchers [ 8 – 11 ] , usually specific to a particular field [ 12 – 16 ] , and often focused on the scientific elite [ 17 , 18 ] .",foil_perfect,analytic_foil_candidate,31,fit_gate,gum,foil,foil_perfect,FG063,34,78
gum|train|GUM_academic_lighting-37|8,gum,train,en_gum-ud-train.conllu,GUM_academic_lighting-37,8,discussed,discuss,VERB,VBN,root,Tense=Past|VerbForm=Part|Voice=Pass,1,1,0,be,will,_,1,_,_,_,2:nsubj:pass:aging;6:aux:will;7:aux:pass:be;11:obl:reactions;20:dep:4;22:punct:.,core_be;passive_ledger,Skin aging and skin cancer will be discussed as those reactions produced by prolonged or repeated UVR exposure [4].,Skin aging and skin cancer will be [[discussed]] as those reactions produced by prolonged or repeated UVR exposure [ 4 ] .,core_be,analytic_core_candidate,14,fit_gate,gum,core,core_be,FG064,51,52
gum|train|GUM_academic_mutation-10|15,gum,train,en_gum-ud-train.conllu,GUM_academic_mutation-10,15,done,do,VERB,VBN,acl:relcl,Tense=Past|VerbForm=Part|Voice=Pass,1,1,0,be,have,_,1,5,copy,root,10:obl:which;12:nsubj:pass:change;13:aux:has;14:aux:pass:been,core_be;passive_ledger;peripheral_reduced_embedded,"A mutant is a copy of the system in which a change has been done that, in most cases, will lead to a behaviour different than expected.","A mutant is a copy of the system in which a change has been [[done]] that , in most cases , will lead to a behaviour different than expected .",core_be,analytic_core_candidate,28,fit_gate,gum,core,core_be,FG065,20,86
gum|train|GUM_academic_replication-8|19,gum,train,en_gum-ud-train.conllu,GUM_academic_replication-8,19,established,establish,VERB,VBN,root,Tense=Past|VerbForm=Part|Voice=Pass,1,1,0,be,_,_,1,_,_,_,2:obl:example;14:nsubj:pass:repository;18:aux:pass:was;21:obl:2011;23:conj:holds;49:dep:Marsden;64:punct:.,core_be;passive_ledger,"For example, the Instruments for Research into Second Languages (IRIS) repository (http://www.irisdatabase.org) was established in 2011 and holds, at the time of writing, over 3,800 materials that can be used for replication, among other purposes, in L2 research (Marsden & Mackey, 2014; Marsden, Mackey, & Plonsky, 2016).","For example , the Instruments for Research into Second Languages ( IRIS ) repository ( http://www.irisdatabase.org ) was [[established]] in 2011 and holds , at the time of writing , over 3,800 materials that can be used for replication , among other purposes , in L2 research ( Marsden & Mackey , 2014 ; Marsden , Mackey , & Plonsky , 2016 ) .",core_be,analytic_core_candidate,50,fit_gate,gum,core,core_be,FG066,32,8
gum|train|GUM_bio_bernoulli-45|3,gum,train,en_gum-ud-train.conllu,GUM_bio_bernoulli-45,3,exploited,exploit,VERB,VBN,root,Tense=Past|VerbForm=Part|Voice=Pass,1,1,1,be,_,_,1,_,_,_,1:nsubj:pass:This;2:aux:pass:is;6:obl:agent:wing;25:punct:.,core_be;passive_ledger,This is exploited by the wing of an aeroplane which is designed to create an area above its surface where the air velocity increases.,This is [[exploited]] by the wing of an aeroplane which is designed to create an area above its surface where the air velocity increases .,core_be,analytic_core_candidate,51,fit_gate,gum,core,core_be,FG067,38,30
gum|train|GUM_bio_gordon-8|26,gum,train,en_gum-ud-train.conllu,GUM_bio_gordon-8,26,become,become,VERB,VBN,acl:relcl,Tense=Past|VerbForm=Part,0,0,0,_,have,_,1,22,Scotland,obl,"23:punct:,;24:nsubj:which;25:aux:had;27:xcomp:Calvinist",foil_participial_modifier;foil_perfect,"Gordon was brought up and remained a lifelong Roman Catholic, at a time when the Church was being persecuted in Scotland, which had become Calvinist.","Gordon was brought up and remained a lifelong Roman Catholic , at a time when the Church was being persecuted in Scotland , which had [[become]] Calvinist .",foil_participial_modifier,analytic_foil_candidate,2,fit_gate,gum,foil,foil_participial_modifier,FG068,96,18
gum|train|GUM_bio_hadid-6|3,gum,train,en_gum-ud-train.conllu,GUM_bio_hadid-6,3,described,describe,VERB,VBN,root,Tense=Past|VerbForm=Part|Voice=Pass,1,1,1,be,_,_,1,_,_,_,1:nsubj:pass:She;2:aux:pass:was;6:obl:agent:Guardian;12:obl:Queen,core_be;passive_ledger,"She was described by The Guardian of London as the 'Queen of the curve', who ""liberated architectural geometry, giving it a whole new expressive identity.""","She was [[described]] by The Guardian of London as the ' Queen of the curve ' , who "" liberated architectural geometry , giving it a whole new expressive identity . """,core_be,analytic_core_candidate,17,fit_gate,gum,core,core_be,FG069,40,64
gum|train|GUM_bio_padalecki-36|9,gum,train,en_gum-ud-train.conllu,GUM_bio_padalecki-36,9,born,bear,VERB,VBN,root,Tense=Past|VerbForm=Part|Voice=Pass,1,1,0,be,_,_,1,_,_,_,2:nsubj:pass:son;8:aux:pass:was;12:obl:19;15:punct:.,core_be;passive_ledger,"Their son, Thomas Colton Padalecki, was born on March 19, 2012.","Their son , Thomas Colton Padalecki , was [[born]] on March 19 , 2012 .",core_be,analytic_core_candidate,57,fit_gate,gum,core,core_be,FG070,8,70
gum|train|GUM_conversation_atoms-14|23,gum,train,en_gum-ud-train.conllu,GUM_conversation_atoms-14,23,seen,see,VERB,VBN,conj,Tense=Past|VerbForm=Part,0,0,0,_,have,_,1,10,told,parataxis,"18:punct:,;19:cc:and;20:nsubj:you;21:aux:have;22:advmod:all;24:obj:water;25:xcomp:boil;27:obl:home;32:parataxis:familiar",foil_perfect,"This ice here of course is water, I told you there was water in this glass, and you have all seen water boil at home, so you are familiar with steam.","This ice here of course is water , I told you there was water in this glass , and you have all [[seen]] water boil at home , so you are familiar with steam .",foil_perfect,analytic_foil_candidate,15,fit_gate,gum,foil,foil_perfect,FG071,63,11
gum|train|GUM_conversation_blacksmithing-75|9,gum,train,en_gum-ud-train.conllu,GUM_conversation_blacksmithing-75,9,made,make,VERB,VBN,acl:relcl,Tense=Past|VerbForm=Part|Voice=Pass,1,1,0,be,_,_,1,5,shoes,obj,6:nsubj:pass:that;7:aux:pass:were;8:advmod:already,core_be;passive_ledger,"We just put the shoes that were already made, on a horse.","We just put the shoes that were already [[made]] , on a horse .",core_be,analytic_core_candidate,16,fit_gate,gum,core,core_be,FG072,65,39
gum|train|GUM_conversation_erasmus-55|22,gum,train,en_gum-ud-train.conllu,GUM_conversation_erasmus-55,22,demanded,demand,VERB,VBN,acl:relcl,Tense=Past|VerbForm=Part|Voice=Pass,1,1,0,be,_,_,1,18,everything,obj,"19:punct:,;20:nsubj:pass:that;21:aux:pass:is;24:obl:her",core_be;passive_ledger,"The whore reason prefers to submit to the Devil, adjusts to all situations, and proves everything, that is demanded of her.","The whore reason prefers to submit to the Devil , adjusts to all situations , and proves everything , that is [[demanded]] of her .",core_be,analytic_core_candidate,31,fit_gate,gum,core,core_be,FG073,99,80
gum|train|GUM_court_carpet-72|26,gum,train,en_gum-ud-train.conllu,GUM_court_carpet-72,26,told,tell,VERB,VBN,acl:relcl,Tense=Past|VerbForm=Part,0,0,0,_,have,_,1,21,story,parataxis,"22:punct:,;23:obj:that;24:nsubj:you;25:aux:'ve;28:iobj:Roberts",foil_participial_modifier;foil_perfect,"Uh I do emphasize that I'm reading it, this is not evidence, this is only y- your story, that you've told Mr. Roberts.","Uh I do emphasize that I 'm reading it , this is not evidence , this is only y- your story , that you 've [[told]] Mr. Roberts .",foil_participial_modifier,analytic_foil_candidate,56,fit_gate,gum,foil,foil_participial_modifier,FG074,39,95
gum|train|GUM_court_fire-52|16,gum,train,en_gum-ud-train.conllu,GUM_court_fire-52,16,sought,seek,VERB,VBN,root,Tense=Past|VerbForm=Part,0,0,0,_,have;should,be,1,_,_,_,1:cc:And;2:advmod:then;4:nsubj:outer:defense;5:cop:is;7:discourse:well;12:reparandum:have;13:nsubj:she;14:aux:should;15:aux:have;17:compound:prt:out;19:obj:routes;21:parataxis:number;23:punct:.,foil_copular_participle;foil_perfect,"And then their defense is, well, she shouldn't have she should have sought out alternative routes, number one.","And then their defense is , well , she should n't have she should have [[sought]] out alternative routes , number one .",foil_copular_participle,analytic_foil_candidate,41,fit_gate,gum,foil,foil_copular_participle,FG075,26,81
gum|train|GUM_court_fire-57|5,gum,train,en_gum-ud-train.conllu,GUM_court_fire-57,5,deadbolted,deadbolt,VERB,VBN,root,Tense=Past|VerbForm=Part|Voice=Pass,1,1,0,be,_,_,1,_,_,_,3:nsubj:pass:door;4:aux:pass:was;6:punct:.,core_be;passive_ledger,The front door was deadbolted.,The front door was [[deadbolted]] .,core_be,analytic_core_candidate,15,fit_gate,gum,core,core_be,FG076,59,72
gum|train|GUM_court_prince-54|45,gum,train,en_gum-ud-train.conllu,GUM_court_prince-54,45,allowed,allow,VERB,VBN,ccomp,Tense=Past|VerbForm=Part|Voice=Pass,1,1,0,be,_,_,1,40,said,advcl,41:mark:that;42:nsubj:pass:we;43:aux:pass:were;44:advmod:not;47:xcomp:invoke,core_be;passive_ledger,"No, respectfully, Your Honor, that's not right, because what they claimed in their -- in their brief -- in their complaint, and this is at JA 120 to 121, was that they said that we were not allowed to invoke our copyright in the works.","No , respectfully , Your Honor , that 's not right , because what they claimed in their -- in their brief -- in their complaint , and this is at JA 120 to 121 , was that they said that we were not [[allowed]] to invoke our copyright in the works .",core_be,analytic_core_candidate,21,fit_gate,gum,core,core_be,FG077,56,75
gum|train|GUM_court_property-62|20,gum,train,en_gum-ud-train.conllu,GUM_court_property-62,20,stated,state,VERB,VBN,ccomp,Tense=Past|VerbForm=Part,0,0,0,_,have,be,1,2,think,root,4:nsubj:outer:problem;5:aux:has;6:cop:been;7:mark:that;9:obl:many;18:nsubj:municipalities;19:aux:have;23:ccomp:'s,foil_copular_participle;foil_perfect,"I think the problem has been that in many of the cases that are cited, the municipalities have stated that there's no interest in the property because it's maintained on public land.","I think the problem has been that in many of the cases that are cited , the municipalities have [[stated]] that there 's no interest in the property because it 's maintained on public land .",foil_copular_participle,analytic_foil_candidate,5,fit_gate,gum,foil,foil_copular_participle,FG078,92,77
gum|train|GUM_fiction_pixies-39|19,gum,train,en_gum-ud-train.conllu,GUM_fiction_pixies-39,19,had,have,VERB,VBN,acl:relcl,Tense=Past|VerbForm=Part,0,0,0,_,have,_,1,16,super,root,17:nsubj:we;18:aux:’ve,foil_participial_modifier;foil_perfect,"“On the other hand,” I said, “he’s the first super we’ve had who keeps the boiler, the door buzzers, and the electrical system in perfect working order.”","“ On the other hand , ” I said , “ he ’s the first super we ’ve [[had]] who keeps the boiler , the door buzzers , and the electrical system in perfect working order . ”",foil_participial_modifier,analytic_foil_candidate,38,fit_gate,gum,foil,foil_participial_modifier,FG079,10,10
gum|train|GUM_fiction_wedding-40|26,gum,train,en_gum-ud-train.conllu,GUM_fiction_wedding-40,26,become,become,VERB,VBN,advcl,Tense=Past|VerbForm=Part,0,0,0,_,have,_,1,14,flow,parataxis,15:aux:having;19:obl:counsel;29:xcomp:balm,foil_perfect,Prince Hermes: Now after humankind has suffered so much harm here I flow having by god’s counsel and with the help of art become a healing balm.,Prince Hermes : Now after humankind has suffered so much harm here I flow having by god ’s counsel and with the help of art [[become]] a healing balm .,foil_perfect,analytic_foil_candidate,7,fit_gate,gum,foil,foil_perfect,FG080,37,49
gum|train|GUM_interview_cocktail-58|12,gum,train,en_gum-ud-train.conllu,GUM_interview_cocktail-58,12,served,serve,VERB,VBN,ccomp,Tense=Past|VerbForm=Part,0,0,0,_,have,_,1,6,estimate,acl,9:obl:unmarked:times;10:nsubj:we;11:aux:'ve;13:obj:it;14:advmod:overall,foil_perfect,"We have no way to estimate how many times we've served it overall, but we're now pouring around ten a night.","We have no way to estimate how many times we 've [[served]] it overall , but we 're now pouring around ten a night .",foil_perfect,analytic_foil_candidate,12,fit_gate,gum,foil,foil_perfect,FG081,88,51
gum|train|GUM_interview_onion-59|10,gum,train,en_gum-ud-train.conllu,GUM_interview_onion-59,10,told,tell,VERB,VBN,acl:relcl,Tense=Past|VerbForm=Part|Voice=Pass,1,1,0,be,_,_,1,4,lot,obj,"8:nsubj:pass:that;9:aux:pass:are;14:obl:room;15:punct:,;30:conj:go",core_be;passive_ledger,"There's a lot of unfunny jokes that are told in a back room, that's why they stay and die in that back room and don’t go out in The Onion.","There 's a lot of unfunny jokes that are [[told]] in a back room , that 's why they stay and die in that back room and do n’t go out in The Onion .",core_be,analytic_core_candidate,2,fit_gate,gum,core,core_be,FG082,2,33
gum|train|GUM_letter_flood-9|3,gum,train,en_gum-ud-train.conllu,GUM_letter_flood-9,3,lost,lose,VERB,VBN,root,Tense=Past|VerbForm=Part,0,0,0,_,have,_,1,_,_,_,1:nsubj:We;2:aux:have;4:obj:much;13:punct:.,foil_perfect,"We have lost much -- too much, really, to list.","We have [[lost]] much -- too much , really , to list .",foil_perfect,analytic_foil_candidate,52,fit_gate,gum,foil,foil_perfect,FG083,22,42
gum|train|GUM_news_defector-25|19,gum,train,en_gum-ud-train.conllu,GUM_news_defector-25,19,taken,take,VERB,VBN,root,Tense=Past|VerbForm=Part|Voice=Pass,1,1,0,be,_,_,1,_,_,_,4:advcl:taken;17:nsubj:pass:he;18:aux:pass:was;24:obl:Towers;25:punct:.,core_be;passive_ledger,"Instead of being taken to a hotel, where he could route out as promised, he was taken to the Century City Towers.","Instead of being taken to a hotel , where he could route out as promised , he was [[taken]] to the Century City Towers .",core_be,analytic_core_candidate,56,fit_gate,gum,core,core_be,FG084,7,71
gum|train|GUM_news_defector-33|4,gum,train,en_gum-ud-train.conllu,GUM_news_defector-33,4,assisted,assist,VERB,VBN,root,Tense=Past|VerbForm=Part|Voice=Pass,1,1,1,be,have,_,1,_,_,_,1:nsubj:pass:Montalvo;2:aux:has;3:aux:pass:been;7:obl:agent:members;19:punct:.,core_be;passive_ledger,"Montalvo has been assisted by former members of Scientology, including musician Tiziano Lugli and actor Jason Beghe.","Montalvo has been [[assisted]] by former members of Scientology , including musician Tiziano Lugli and actor Jason Beghe .",core_be,analytic_core_candidate,36,fit_gate,gum,core,core_be,FG085,91,65
gum|train|GUM_news_lanterns-24|16,gum,train,en_gum-ud-train.conllu,GUM_news_lanterns-24,16,dwindled,dwindle,VERB,VBN,advcl,Tense=Past|VerbForm=Part,0,0,0,_,have;will,_,1,1,Wait,root,11:advmod:when;13:nsubj:crowds;14:aux:will;15:aux:have,foil_perfect,Wait until the fourth or fifth day of the festival when the crowds will have dwindled.,Wait until the fourth or fifth day of the festival when the crowds will have [[dwindled]] .,foil_perfect,analytic_foil_candidate,27,fit_gate,gum,foil,foil_perfect,FG086,42,46
gum|train|GUM_news_soccer-25|14,gum,train,en_gum-ud-train.conllu,GUM_news_soccer-25,14,saved,save,VERB,VBN,root,Tense=Past|VerbForm=Part|Voice=Pass,1,1,1,be,_,_,1,_,_,_,3:nsubj:pass:attempt;13:aux:pass:was;16:obl:agent:Thibaut;18:punct:.,core_be;passive_ledger,"Panama's attempt in the 54th minute, by Michael Murillo, was saved by Thibaut Courtois.","Panama 's attempt in the 54th minute , by Michael Murillo , was [[saved]] by Thibaut Courtois .",core_be,analytic_core_candidate,38,fit_gate,gum,core,core_be,FG087,36,61
gum|train|GUM_news_taxes-15|19,gum,train,en_gum-ud-train.conllu,GUM_news_taxes-15,19,needed,need,VERB,VBN,ccomp,Tense=Past|VerbForm=Part|Voice=Pass,1,1,0,be,_,_,1,6,said,root,11:nsubj:pass:reflection;18:aux:pass:is,core_be;passive_ledger,"Minister of Education Stefania Giannini said a ""more general reflection"" ((it)) is needed.","Minister of Education Stefania Giannini said a "" more general reflection "" ( ( it ) ) is [[needed]] .",core_be,analytic_core_candidate,37,fit_gate,gum,core,core_be,FG088,100,17
gum|train|GUM_podcast_llms-14|25,gum,train,en_gum-ud-train.conllu,GUM_podcast_llms-14,25,brought,bring,VERB,VBN,acl:relcl,Tense=Past|VerbForm=Part,0,0,0,_,have,_,1,21,concerns,nmod,22:obj:that;23:nsubj:people;24:aux:have;26:compound:prt:up;29:obl:stuff,foil_participial_modifier;foil_perfect,"So I put together a relatively -- I -- it's not comprehensive, but a relatively detailed list of concerns that people have brought up about this stuff.","So I put together a relatively -- I -- it 's not comprehensive , but a relatively detailed list of concerns that people have [[brought]] up about this stuff .",foil_participial_modifier,analytic_foil_candidate,49,fit_gate,gum,foil,foil_participial_modifier,FG089,75,13
gum|train|GUM_podcast_movie-61|8,gum,train,en_gum-ud-train.conllu,GUM_podcast_movie-61,8,been,be,AUX,VBN,acl:relcl,Tense=Past|VerbForm=Part,0,0,0,_,have,_,1,5,way,root,6:nsubj:it;7:aux:'s,foil_participial_modifier;foil_perfect,And that's the way it's been.,And that 's the way it 's [[been]] .,foil_participial_modifier,analytic_foil_candidate,22,fit_gate,gum,foil,foil_participial_modifier,FG090,86,40
gum|train|GUM_speech_destiny-41|32,gum,train,en_gum-ud-train.conllu,GUM_speech_destiny-41,32,come,come,VERB,VBN,acl:relcl,Tense=Past|VerbForm=Part,0,0,0,_,have,_,1,29,freedom,obl,30:nsubj:that;31:aux:has,foil_participial_modifier;foil_perfect,We think also of our brothers and sisters who have been cut off from us by political boundaries and who unhappily can not share at present in the freedom that has come.,We think also of our brothers and sisters who have been cut off from us by political boundaries and who unhappily can not share at present in the freedom that has [[come]] .,foil_participial_modifier,analytic_foil_candidate,10,fit_gate,gum,foil,foil_participial_modifier,FG091,48,38
gum|train|GUM_speech_school-30|22,gum,train,en_gum-ud-train.conllu,GUM_speech_school-30,22,missed,miss,VERB,VBN,acl:relcl,Tense=Past|VerbForm=Part,0,0,0,_,have;would,_,1,17,students,obl,18:nsubj:who;19:aux:would;20:aux:have;21:advmod:otherwise;24:obj:opportunity,foil_participial_modifier;foil_perfect,"By using Open Educational Resources, OER, School of Open is opening up to many students who would have otherwise missed the opportunity of accessing education, especially in the marginalized areas which could not adequately access quality education.","By using Open Educational Resources , OER , School of Open is opening up to many students who would have otherwise [[missed]] the opportunity of accessing education , especially in the marginalized areas which could not adequately access quality education .",foil_participial_modifier,analytic_foil_candidate,28,fit_gate,gum,foil,foil_participial_modifier,FG092,23,67
gum|train|GUM_textbook_anthropology-41|12,gum,train,en_gum-ud-train.conllu,GUM_textbook_anthropology-41,12,conveyed,convey,VERB,VBN,advcl,Tense=Past|VerbForm=Part|Voice=Pass,1,1,0,be,_,_,1,24,acquired,root,"1:mark:While;4:nsubj:pass:deal;10:aux:pass:is;11:advmod:deliberately;16:obl:contexts;17:punct:,",core_be;passive_ledger,"While a great deal of very important cultural content is deliberately conveyed in these systematic contexts, the greater part of culture is acquired unconsciously by happenstance—that is, nobody planned to teach it, and no one made an effort to consciously try to learn it.","While a great deal of very important cultural content is deliberately [[conveyed]] in these systematic contexts , the greater part of culture is acquired unconsciously by happenstance — that is , nobody planned to teach it , and no one made an effort to consciously try to learn it .",core_be,analytic_core_candidate,39,fit_gate,gum,core,core_be,FG093,89,62
gum|train|GUM_textbook_evoethics-25|10,gum,train,en_gum-ud-train.conllu,GUM_textbook_evoethics-25,10,used,use,VERB,VBN,advcl:relcl,Tense=Past|VerbForm=Part|Voice=Pass,1,1,0,be,can,_,1,5,how,obj,7:nsubj:pass:theory;8:aux:can;9:aux:pass:be;12:advcl:make,core_be;passive_ledger,Street’s argument illustrates how evolutionary theory can be used to make a case about which metaethical theories we should adopt.,Street ’s argument illustrates how evolutionary theory can be [[used]] to make a case about which metaethical theories we should adopt .,core_be,analytic_core_candidate,6,fit_gate,gum,core,core_be,FG094,82,3
gum|train|GUM_vlog_covid-13|12,gum,train,en_gum-ud-train.conllu,GUM_vlog_covid-13,12,gotten,get,VERB,VBN,root,Tense=Past|VerbForm=Part,0,0,0,_,have,be,1,_,_,_,1:cc:And;3:nsubj:outer:thing;4:cop:is;8:obl:night;10:nsubj:I;11:aux:had;13:advmod:back;17:obl:9:00;22:parataxis:took;25:punct:.,foil_copular_participle;foil_perfect,"And the thing is, on Sunday night, I had gotten back from work around 9:00 pm, so I took a shower.","And the thing is , on Sunday night , I had [[gotten]] back from work around 9:00 pm , so I took a shower .",foil_copular_participle,analytic_foil_candidate,29,fit_gate,gum,foil,foil_copular_participle,FG095,60,84
gum|train|GUM_vlog_lipstick-63|4,gum,train,en_gum-ud-train.conllu,GUM_vlog_lipstick-63,4,rubbed,rub,VERB,VBN,root,Tense=Past|VerbForm=Part,0,0,0,_,have,_,1,_,_,_,1:nsubj:Everything;2:aux:has;3:discourse:like;7:obl:it;8:punct:.,foil_perfect,Everything has like rubbed off of it.,Everything has like [[rubbed]] off of it .,foil_perfect,analytic_foil_candidate,25,fit_gate,gum,foil,foil_perfect,FG096,13,85
gum|train|GUM_voyage_fortlee-26|16,gum,train,en_gum-ud-train.conllu,GUM_voyage_fortlee-26,16,dwarfed,dwarf,VERB,VBN,advcl,Tense=Past|VerbForm=Part|Voice=Pass,1,1,1,be,_,_,1,4,meet,root,"8:punct:,;9:mark:as;14:nsubj:pass:Church;15:aux:pass:is;20:obl:agent:highrise;23:obl:it",core_be;passive_ledger,"Old and new meet in Fort Lee, as the Good Shepherd Episcopalian Church is dwarfed by a residential highrise immediately behind it","Old and new meet in Fort Lee , as the Good Shepherd Episcopalian Church is [[dwarfed]] by a residential highrise immediately behind it",core_be,analytic_core_candidate,18,fit_gate,gum,core,core_be,FG097,84,57
gum|train|GUM_voyage_isfahan-68|5,gum,train,en_gum-ud-train.conllu,GUM_voyage_isfahan-68,5,called,call,VERB,VBN,root,Tense=Past|VerbForm=Part|Voice=Pass,1,1,0,be,_,_,1,_,_,_,1:obl:unmarked:1647;3:nsubj:pass:It;4:aux:pass:is;6:xcomp:Palace;13:advcl:are;22:conj:means;24:punct:.,core_be;passive_ledger,"1647: It is called Palace of forty columns, as there are many columns, and in Iranian, 40 means many.","1647 : It is [[called]] Palace of forty columns , as there are many columns , and in Iranian , 40 means many .",core_be,analytic_core_candidate,19,fit_gate,gum,core,core_be,FG098,52,59
gum|train|GUM_voyage_lodz-20|4,gum,train,en_gum-ud-train.conllu,GUM_voyage_lodz-20,4,situated,situate,VERB,VBN,root,Tense=Past|VerbForm=Part|Voice=Pass,1,1,0,be,_,_,1,_,_,_,1:nsubj:pass:They;2:aux:pass:were;3:advmod:usually;5:advmod:next;11:punct:.,core_be;passive_ledger,They were usually situated next to the owner's factory.,They were usually [[situated]] next to the owner 's factory .,core_be,analytic_core_candidate,44,fit_gate,gum,core,core_be,FG099,95,44
gum|train|GUM_whow_glowstick-19|4,gum,train,en_gum-ud-train.conllu,GUM_whow_glowstick-19,4,used,use,VERB,VBN,root,Tense=Past|VerbForm=Part|Voice=Pass,1,1,0,be,_,_,1,_,_,_,2:nsubj:pass:peroxide;3:aux:pass:is;6:advcl:replace;14:punct:.,core_be;passive_ledger,Hydrogen peroxide is used to replace the luminol's nitrogen atoms with oxygen.,Hydrogen peroxide is [[used]] to replace the luminol 's nitrogen atoms with oxygen .,core_be,analytic_core_candidate,3,fit_gate,gum,core,core_be,FG100,16,24
